x,y,ux,uy
   0.00000e+00,   0.00000e+00,   3.98260e-11,   9.79686e-11
   5.00000e-02,   0.00000e+00,   3.11134e-11,   1.34781e-10
   1.00000e-01,   0.00000e+00,   2.61949e-11,   1.21623e-10
   1.50000e-01,   0.00000e+00,   2.08782e-11,   1.17873e-10
   2.00000e-01,   0.00000e+00,   1.68713e-11,   1.15981e-10
   2.50000e-01,   0.00000e+00,   1.34378e-11,   1.15002e-10
   3.00000e-01,   0.00000e+00,   1.03957e-11,   1.14451e-10
   3.50000e-01,   0.00000e+00,   7.60796e-12,   1.14135e-10
   4.00000e-01,   0.00000e+00,   4.98773e-12,   1.13955e-10
   4.50000e-01,   0.00000e+00,   2.46960e-12,   1.13863e-10
   5.00000e-01,   0.00000e+00,  -2.30558e-25,   1.13835e-10
   5.50000e-01,   0.00000e+00,  -2.46960e-12,   1.13863e-10
   6.00000e-01,   0.00000e+00,  -4.98773e-12,   1.13955e-10
   6.50000e-01,   0.00000e+00,  -7.60796e-12,   1.14135e-10
   7.00000e-01,   0.00000e+00,  -1.03957e-11,   1.14451e-10
   7.50000e-01,   0.00000e+00,  -1.34378e-11,   1.15002e-10
   8.00000e-01,   0.00000e+00,  -1.68713e-11,   1.15981e-10
   8.50000e-01,   0.00000e+00,  -2.08782e-11,   1.17873e-10
   9.00000e-01,   0.00000e+00,  -2.61949e-11,   1.21623e-10
   9.50000e-01,   0.00000e+00,  -3.11134e-11,   1.34781e-10
   1.00000e+00,   0.00000e+00,  -3.98260e-11,   9.79686e-11
   0.00000e+00,   5.00000e-02,   1.39087e-03,   1.73781e-03
   5.00000e-02,   5.00000e-02,   9.19351e-04,   1.25159e-03
   1.00000e-01,   5.00000e-02,   6.97020e-04,   1.15499e-03
   1.50000e-01,   5.00000e-02,   5.53204e-04,   1.10852e-03
   2.00000e-01,   5.00000e-02,   4.43092e-04,   1.08599e-03
   2.50000e-01,   5.00000e-02,   3.51532e-04,   1.07327e-03
   3.00000e-01,   5.00000e-02,   2.71238e-04,   1.06576e-03
   3.50000e-01,   5.00000e-02,   1.98190e-04,   1.06120e-03
   4.00000e-01,   5.00000e-02,   1.29808e-04,   1.05848e-03
   4.50000e-01,   5.00000e-02,   6.42394e-05,   1.05703e-03
   5.00000e-01,   5.00000e-02,  -8.95244e-18,   1.05657e-03
   5.50000e-01,   5.00000e-02,  -6.42394e-05,   1.05703e-03
   6.00000e-01,   5.00000e-02,  -1.29808e-04,   1.05848e-03
   6.50000e-01,   5.00000e-02,  -1.98190e-04,   1.06120e-03
   7.00000e-01,   5.00000e-02,  -2.71238e-04,   1.06576e-03
   7.50000e-01,   5.00000e-02,  -3.51532e-04,   1.07327e-03
   8.00000e-01,   5.00000e-02,  -4.43092e-04,   1.08599e-03
   8.50000e-01,   5.00000e-02,  -5.53204e-04,   1.10852e-03
   9.00000e-01,   5.00000e-02,  -6.97020e-04,   1.15499e-03
   9.50000e-01,   5.00000e-02,  -9.19351e-04,   1.25159e-03
   1.00000e+00,   5.00000e-02,  -1.39087e-03,   1.73781e-03
   0.00000e+00,   1.00000e-01,   2.15202e-03,   3.07342e-03
   5.00000e-02,   1.00000e-01,   1.73117e-03,   2.62037e-03
   1.00000e-01,   1.00000e-01,   1.36177e-03,   2.39037e-03
   1.50000e-01,   1.00000e-01,   1.09076e-03,   2.28790e-03
   2.00000e-01,   1.00000e-01,   8.76189e-04,   2.23185e-03
   2.50000e-01,   1.00000e-01,   6.95763e-04,   2.19936e-03
   3.00000e-01,   1.00000e-01,   5.37019e-04,   2.17942e-03
   3.50000e-01,   1.00000e-01,   3.92439e-04,   2.16698e-03
   4.00000e-01,   1.00000e-01,   2.57047e-04,   2.15939e-03
   4.50000e-01,   1.00000e-01,   1.27211e-04,   2.15529e-03
   5.00000e-01,   1.00000e-01,  -2.36637e-17,   2.15399e-03
   5.50000e-01,   1.00000e-01,  -1.27211e-04,   2.15529e-03
   6.00000e-01,   1.00000e-01,  -2.57047e-04,   2.15939e-03
   6.50000e-01,   1.00000e-01,  -3.92439e-04,   2.16698e-03
   7.00000e-01,   1.00000e-01,  -5.37019e-04,   2.17942e-03
   7.50000e-01,   1.00000e-01,  -6.95763e-04,   2.19936e-03
   8.00000e-01,   1.00000e-01,  -8.76189e-04,   2.23185e-03
   8.50000e-01,   1.00000e-01,  -1.09076e-03,   2.28790e-03
   9.00000e-01,   1.00000e-01,  -1.36177e-03,   2.39037e-03
   9.50000e-01,   1.00000e-01,  -1.73117e-03,   2.62037e-03
   1.00000e+00,   1.00000e-01,  -2.15202e-03,   3.07342e-03
   0.00000e+00,   1.50000e-01,   2.72367e-03,   4.28684e-03
   5.00000e-02,   1.50000e-01,   2.30509e-03,   3.91647e-03
   1.00000e-01,   1.50000e-01,   1.90933e-03,   3.66567e-03
   1.50000e-01,   1.50000e-01,   1.56320e-03,   3.51536e-03
   2.00000e-01,   1.50000e-01,   1.26941e-03,   3.42680e-03
   2.50000e-01,   1.50000e-01,   1.01384e-03,   3.37181e-03
   3.00000e-01,   1.50000e-01,   7.85112e-04,   3.33676e-03
   3.50000e-01,   1.50000e-01,   5.74872e-04,   3.31425e-03
   4.00000e-01,   1.50000e-01,   3.76982e-04,   3.30027e-03
   4.50000e-01,   1.50000e-01,   1.86682e-04,   3.29260e-03
   5.00000e-01,   1.50000e-01,  -4.37899e-17,   3.29016e-03
   5.50000e-01,   1.50000e-01,  -1.86682e-04,   3.29260e-03
   6.00000e-01,   1.50000e-01,  -3.76982e-04,   3.30027e-03
   6.50000e-01,   1.50000e-01,  -5.74872e-04,   3.31425e-03
   7.00000e-01,   1.50000e-01,  -7.85112e-04,   3.33676e-03
   7.50000e-01,   1.50000e-01,  -1.01384e-03,   3.37181e-03
   8.00000e-01,   1.50000e-01,  -1.26941e-03,   3.42680e-03
   8.50000e-01,   1.50000e-01,  -1.56320e-03,   3.51536e-03
   9.00000e-01,   1.50000e-01,  -1.90933e-03,   3.66567e-03
   9.50000e-01,   1.50000e-01,  -2.30509e-03,   3.91647e-03
   1.00000e+00,   1.50000e-01,  -2.72367e-03,   4.28684e-03
   0.00000e+00,   2.00000e-01,   3.14835e-03,   5.46203e-03
   5.00000e-02,   2.00000e-01,   2.73637e-03,   5.16480e-03
   1.00000e-01,   2.00000e-01,   2.32947e-03,   4.93066e-03
   1.50000e-01,   2.00000e-01,   1.94949e-03,   4.76526e-03
   2.00000e-01,   2.00000e-01,   1.60439e-03,   4.65410e-03
   2.50000e-01,   2.00000e-01,   1.29210e-03,   4.58007e-03
   3.00000e-01,   2.00000e-01,   1.00585e-03,   4.53050e-03
   3.50000e-01,   2.00000e-01,   7.38958e-04,   4.49763e-03
   4.00000e-01,   2.00000e-01,   4.85579e-04,   4.47676e-03
   4.50000e-01,   2.00000e-01,   2.40729e-04,   4.46518e-03
   5.00000e-01,   2.00000e-01,  -6.87049e-17,   4.46146e-03
   5.50000e-01,   2.00000e-01,  -2.40729e-04,   4.46518e-03
   6.00000e-01,   2.00000e-01,  -4.85579e-04,   4.47676e-03
   6.50000e-01,   2.00000e-01,  -7.38958e-04,   4.49763e-03
   7.00000e-01,   2.00000e-01,  -1.00585e-03,   4.53050e-03
   7.50000e-01,   2.00000e-01,  -1.29210e-03,   4.58007e-03
   8.00000e-01,   2.00000e-01,  -1.60439e-03,   4.65410e-03
   8.50000e-01,   2.00000e-01,  -1.94949e-03,   4.76526e-03
   9.00000e-01,   2.00000e-01,  -2.32947e-03,   4.93066e-03
   9.50000e-01,   2.00000e-01,  -2.73637e-03,   5.16480e-03
   1.00000e+00,   2.00000e-01,  -3.14835e-03,   5.46203e-03
   0.00000e+00,   2.50000e-01,   3.47295e-03,   6.62359e-03
   5.00000e-02,   2.50000e-01,   3.06261e-03,   6.38667e-03
   1.00000e-01,   2.50000e-01,   2.65139e-03,   6.18104e-03
   1.50000e-01,   2.50000e-01,   2.25327e-03,   6.01912e-03
   2.00000e-01,   2.50000e-01,   1.87702e-03,   5.89907e-03
   2.50000e-01,   2.50000e-01,   1.52466e-03,   5.81286e-03
   3.00000e-01,   2.50000e-01,   1.19394e-03,   5.75214e-03
   3.50000e-01,   2.50000e-01,   8.80634e-04,   5.71043e-03
   4.00000e-01,   2.50000e-01,   5.80150e-04,   5.68332e-03
   4.50000e-01,   2.50000e-01,   2.88021e-04,   5.66805e-03
   5.00000e-01,   2.50000e-01,  -9.70131e-17,   5.66311e-03
   5.50000e-01,   2.50000e-01,  -2.88021e-04,   5.66805e-03
   6.00000e-01,   2.50000e-01,  -5.80150e-04,   5.68332e-03
   6.50000e-01,   2.50000e-01,  -8.80634e-04,   5.71043e-03
   7.00000e-01,   2.50000e-01,  -1.19394e-03,   5.75214e-03
   7.50000e-01,   2.50000e-01,  -1.52466e-03,   5.81286e-03
   8.00000e-01,   2.50000e-01,  -1.87702e-03,   5.89907e-03
   8.50000e-01,   2.50000e-01,  -2.25327e-03,   6.01912e-03
   9.00000e-01,   2.50000e-01,  -2.65139e-03,   6.18104e-03
   9.50000e-01,   2.50000e-01,  -3.06261e-03,   6.38667e-03
   1.00000e+00,   2.50000e-01,  -3.47295e-03,   6.62359e-03
   0.00000e+00,   3.00000e-01,   3.72196e-03,   7.78362e-03
   5.00000e-02,   3.00000e-01,   3.31123e-03,   7.59563e-03
   1.00000e-01,   3.00000e-01,   2.89696e-03,   7.42029e-03
   1.50000e-01,   3.00000e-01,   2.48830e-03,   7.27113e-03
   2.00000e-01,   3.00000e-01,   2.09228e-03,   7.15204e-03
   2.50000e-01,   3.00000e-01,   1.71230e-03,   7.06097e-03
   3.00000e-01,   3.00000e-01,   1.34841e-03,   6.99365e-03
   3.50000e-01,   3.00000e-01,   9.98545e-04,   6.94577e-03
   4.00000e-01,   3.00000e-01,   6.59572e-04,   6.91391e-03
   4.50000e-01,   3.00000e-01,   3.27945e-04,   6.89569e-03
   5.00000e-01,   3.00000e-01,  -1.28706e-16,   6.88976e-03
   5.50000e-01,   3.00000e-01,  -3.27945e-04,   6.89569e-03
   6.00000e-01,   3.00000e-01,  -6.59572e-04,   6.91391e-03
   6.50000e-01,   3.00000e-01,  -9.98545e-04,   6.94577e-03
   7.00000e-01,   3.00000e-01,  -1.34841e-03,   6.99365e-03
   7.50000e-01,   3.00000e-01,  -1.71230e-03,   7.06097e-03
   8.00000e-01,   3.00000e-01,  -2.09228e-03,   7.15204e-03
   8.50000e-01,   3.00000e-01,  -2.48830e-03,   7.27113e-03
   9.00000e-01,   3.00000e-01,  -2.89696e-03,   7.42029e-03
   9.50000e-01,   3.00000e-01,  -3.31123e-03,   7.59563e-03
   1.00000e+00,   3.00000e-01,  -3.72196e-03,   7.78362e-03
   0.00000e+00,   3.50000e-01,   3.91298e-03,   8.94813e-03
   5.00000e-02,   3.50000e-01,   3.50050e-03,   8.79975e-03
   1.00000e-01,   3.50000e-01,   3.08351e-03,   8.65289e-03
   1.50000e-01,   3.50000e-01,   2.66785e-03,   8.52031e-03
   2.00000e-01,   3.50000e-01,   2.25878e-03,   8.40820e-03
   2.50000e-01,   3.50000e-01,   1.85960e-03,   8.31801e-03
   3.00000e-01,   3.50000e-01,   1.47142e-03,   8.24850e-03
   3.50000e-01,   3.50000e-01,   1.09355e-03,   8.19747e-03
   4.00000e-01,   3.50000e-01,   7.24103e-04,   8.16273e-03
   4.50000e-01,   3.50000e-01,   3.60547e-04,   8.14258e-03
   5.00000e-01,   3.50000e-01,  -1.65806e-16,   8.13598e-03
   5.50000e-01,   3.50000e-01,  -3.60547e-04,   8.14258e-03
   6.00000e-01,   3.50000e-01,  -7.24103e-04,   8.16273e-03
   6.50000e-01,   3.50000e-01,  -1.09355e-03,   8.19747e-03
   7.00000e-01,   3.50000e-01,  -1.47142e-03,   8.24850e-03
   7.50000e-01,   3.50000e-01,  -1.85960e-03,   8.31801e-03
   8.00000e-01,   3.50000e-01,  -2.25878e-03,   8.40820e-03
   8.50000e-01,   3.50000e-01,  -2.66785e-03,   8.52031e-03
   9.00000e-01,   3.50000e-01,  -3.08351e-03,   8.65289e-03
   9.50000e-01,   3.50000e-01,  -3.50050e-03,   8.79975e-03
   1.00000e+00,   3.50000e-01,  -3.91298e-03,   8.94813e-03
   0.00000e+00,   4.00000e-01,   4.05883e-03,   1.01202e-02
   5.00000e-02,   4.00000e-01,   3.64387e-03,   1.00039e-02
   1.00000e-01,   4.00000e-01,   3.22419e-03,   9.88246e-03
   1.50000e-01,   4.00000e-01,   2.80345e-03,   9.76735e-03
   2.00000e-01,   4.00000e-01,   2.38535e-03,   9.66545e-03
   2.50000e-01,   4.00000e-01,   1.97267e-03,   9.58002e-03
   3.00000e-01,   4.00000e-01,   1.56683e-03,   9.51185e-03
   3.50000e-01,   4.00000e-01,   1.16791e-03,   9.46039e-03
   4.00000e-01,   4.00000e-01,   7.74978e-04,   9.42465e-03
   4.50000e-01,   4.00000e-01,   3.86362e-04,   9.40364e-03
   5.00000e-01,   4.00000e-01,  -2.00844e-16,   9.39672e-03
   5.50000e-01,   4.00000e-01,  -3.86362e-04,   9.40364e-03
   6.00000e-01,   4.00000e-01,  -7.74978e-04,   9.42465e-03
   6.50000e-01,   4.00000e-01,  -1.16791e-03,   9.46039e-03
   7.00000e-01,   4.00000e-01,  -1.56683e-03,   9.51185e-03
   7.50000e-01,   4.00000e-01,  -1.97267e-03,   9.58002e-03
   8.00000e-01,   4.00000e-01,  -2.38535e-03,   9.66545e-03
   8.50000e-01,   4.00000e-01,  -2.80345e-03,   9.76735e-03
   9.00000e-01,   4.00000e-01,  -3.22419e-03,   9.88246e-03
   9.50000e-01,   4.00000e-01,  -3.64387e-03,   1.00039e-02
   1.00000e+00,   4.00000e-01,  -4.05883e-03,   1.01202e-02
   0.00000e+00,   4.50000e-01,   4.16932e-03,   1.13014e-02
   5.00000e-02,   4.50000e-01,   3.75154e-03,   1.12109e-02
   1.00000e-01,   4.50000e-01,   3.32922e-03,   1.11115e-02
   1.50000e-01,   4.50000e-01,   2.90451e-03,   1.10133e-02
   2.00000e-01,   4.50000e-01,   2.47993e-03,   1.09230e-02
   2.50000e-01,   4.50000e-01,   2.05765e-03,   1.08447e-02
   3.00000e-01,   4.50000e-01,   1.63905e-03,   1.07803e-02
   3.50000e-01,   4.50000e-01,   1.22460e-03,   1.07306e-02
   4.00000e-01,   4.50000e-01,   8.13972e-04,   1.06954e-02
   4.50000e-01,   4.50000e-01,   4.06220e-04,   1.06745e-02
   5.00000e-01,   4.50000e-01,  -2.41071e-16,   1.06676e-02
   5.50000e-01,   4.50000e-01,  -4.06220e-04,   1.06745e-02
   6.00000e-01,   4.50000e-01,  -8.13972e-04,   1.06954e-02
   6.50000e-01,   4.50000e-01,  -1.22460e-03,   1.07306e-02
   7.00000e-01,   4.50000e-01,  -1.63905e-03,   1.07803e-02
   7.50000e-01,   4.50000e-01,  -2.05765e-03,   1.08447e-02
   8.00000e-01,   4.50000e-01,  -2.47993e-03,   1.09230e-02
   8.50000e-01,   4.50000e-01,  -2.90451e-03,   1.10133e-02
   9.00000e-01,   4.50000e-01,  -3.32922e-03,   1.11115e-02
   9.50000e-01,   4.50000e-01,  -3.75154e-03,   1.12109e-02
   1.00000e+00,   4.50000e-01,  -4.16932e-03,   1.13014e-02
   0.00000e+00,   5.00000e-01,   4.25213e-03,   1.24921e-02
   5.00000e-02,   5.00000e-01,   3.83145e-03,   1.24223e-02
   1.00000e-01,   5.00000e-01,   3.40658e-03,   1.23418e-02
   1.50000e-01,   5.00000e-01,   2.97865e-03,   1.22592e-02
   2.00000e-01,   5.00000e-01,   2.54931e-03,   1.21806e-02
   2.50000e-01,   5.00000e-01,   2.12017e-03,   1.21106e-02
   3.00000e-01,   5.00000e-01,   1.69241e-03,   1.20516e-02
   3.50000e-01,   5.00000e-01,   1.26669e-03,   1.20051e-02
   4.00000e-01,   5.00000e-01,   8.43041e-04,   1.19717e-02
   4.50000e-01,   5.00000e-01,   4.21062e-04,   1.19517e-02
   5.00000e-01,   5.00000e-01,  -2.81762e-16,   1.19450e-02
   5.50000e-01,   5.00000e-01,  -4.21062e-04,   1.19517e-02
   6.00000e-01,   5.00000e-01,  -8.43041e-04,   1.19717e-02
   6.50000e-01,   5.00000e-01,  -1.26669e-03,   1.20051e-02
   7.00000e-01,   5.00000e-01,  -1.69241e-03,   1.20516e-02
   7.50000e-01,   5.00000e-01,  -2.12017e-03,   1.21106e-02
   8.00000e-01,   5.00000e-01,  -2.54931e-03,   1.21806e-02
   8.50000e-01,   5.00000e-01,  -2.97865e-03,   1.22592e-02
   9.00000e-01,   5.00000e-01,  -3.40658e-03,   1.23418e-02
   9.50000e-01,   5.00000e-01,  -3.83145e-03,   1.24223e-02
   1.00000e+00,   5.00000e-01,  -4.25213e-03,   1.24921e-02
   0.00000e+00,   5.50000e-01,   4.31335e-03,   1.36921e-02
   5.00000e-02,   5.50000e-01,   3.88984e-03,   1.36389e-02
   1.00000e-01,   5.50000e-01,   3.46257e-03,   1.35743e-02
   1.50000e-01,   5.50000e-01,   3.03199e-03,   1.35056e-02
   2.00000e-01,   5.50000e-01,   2.59910e-03,   1.34384e-02
   2.50000e-01,   5.50000e-01,   2.16505e-03,   1.33769e-02
   3.00000e-01,   5.50000e-01,   1.73081e-03,   1.33241e-02
   3.50000e-01,   5.50000e-01,   1.29706e-03,   1.32818e-02
   4.00000e-01,   5.50000e-01,   8.64082e-04,   1.32510e-02
   4.50000e-01,   5.50000e-01,   4.31827e-04,   1.32324e-02
   5.00000e-01,   5.50000e-01,  -3.30113e-16,   1.32262e-02
   5.50000e-01,   5.50000e-01,  -4.31827e-04,   1.32324e-02
   6.00000e-01,   5.50000e-01,  -8.64082e-04,   1.32510e-02
   6.50000e-01,   5.50000e-01,  -1.29706e-03,   1.32818e-02
   7.00000e-01,   5.50000e-01,  -1.73081e-03,   1.33241e-02
   7.50000e-01,   5.50000e-01,  -2.16505e-03,   1.33769e-02
   8.00000e-01,   5.50000e-01,  -2.59910e-03,   1.34384e-02
   8.50000e-01,   5.50000e-01,  -3.03199e-03,   1.35056e-02
   9.00000e-01,   5.50000e-01,  -3.46257e-03,   1.35743e-02
   9.50000e-01,   5.50000e-01,  -3.88984e-03,   1.36389e-02
   1.00000e+00,   5.50000e-01,  -4.31335e-03,   1.36921e-02
   0.00000e+00,   6.00000e-01,   4.35782e-03,   1.49010e-02
   5.00000e-02,   6.00000e-01,   3.93166e-03,   1.48610e-02
   1.00000e-01,   6.00000e-01,   3.50218e-03,   1.48096e-02
   1.50000e-01,   6.00000e-01,   3.06940e-03,   1.47531e-02
   2.00000e-01,   6.00000e-01,   2.63386e-03,   1.46963e-02
   2.50000e-01,   6.00000e-01,   2.19633e-03,   1.46433e-02
   3.00000e-01,   6.00000e-01,   1.75759e-03,   1.45969e-02
   3.50000e-01,   6.00000e-01,   1.31828e-03,   1.45592e-02
   4.00000e-01,   6.00000e-01,   8.78803e-04,   1.45315e-02
   4.50000e-01,   6.00000e-01,   4.39369e-04,   1.45146e-02
   5.00000e-01,   6.00000e-01,  -3.78411e-16,   1.45090e-02
   5.50000e-01,   6.00000e-01,  -4.39369e-04,   1.45146e-02
   6.00000e-01,   6.00000e-01,  -8.78803e-04,   1.45315e-02
   6.50000e-01,   6.00000e-01,  -1.31828e-03,   1.45592e-02
   7.00000e-01,   6.00000e-01,  -1.75759e-03,   1.45969e-02
   7.50000e-01,   6.00000e-01,  -2.19633e-03,   1.46433e-02
   8.00000e-01,   6.00000e-01,  -2.63386e-03,   1.46963e-02
   8.50000e-01,   6.00000e-01,  -3.06940e-03,   1.47531e-02
   9.00000e-01,   6.00000e-01,  -3.50218e-03,   1.48096e-02
   9.50000e-01,   6.00000e-01,  -3.93166e-03,   1.48610e-02
   1.00000e+00,   6.00000e-01,  -4.35782e-03,   1.49010e-02
   0.00000e+00,   6.50000e-01,   4.38941e-03,   1.61181e-02
   5.00000e-02,   6.50000e-01,   3.96083e-03,   1.60884e-02
   1.00000e-01,   6.50000e-01,   3.52937e-03,   1.60480e-02
   1.50000e-01,   6.50000e-01,   3.09477e-03,   1.60019e-02
   2.00000e-01,   6.50000e-01,   2.65724e-03,   1.59546e-02
   2.50000e-01,   6.50000e-01,   2.21728e-03,   1.59095e-02
   3.00000e-01,   6.50000e-01,   1.77551e-03,   1.58694e-02
   3.50000e-01,   6.50000e-01,   1.33248e-03,   1.58364e-02
   4.00000e-01,   6.50000e-01,   8.88666e-04,   1.58120e-02
   4.50000e-01,   6.50000e-01,   4.44426e-04,   1.57970e-02
   5.00000e-01,   6.50000e-01,  -4.25582e-16,   1.57919e-02
   5.50000e-01,   6.50000e-01,  -4.44426e-04,   1.57970e-02
   6.00000e-01,   6.50000e-01,  -8.88666e-04,   1.58120e-02
   6.50000e-01,   6.50000e-01,  -1.33248e-03,   1.58364e-02
   7.00000e-01,   6.50000e-01,  -1.77551e-03,   1.58694e-02
   7.50000e-01,   6.50000e-01,  -2.21728e-03,   1.59095e-02
   8.00000e-01,   6.50000e-01,  -2.65724e-03,   1.59546e-02
   8.50000e-01,   6.50000e-01,  -3.09477e-03,   1.60019e-02
   9.00000e-01,   6.50000e-01,  -3.52937e-03,   1.60480e-02
   9.50000e-01,   6.50000e-01,  -3.96083e-03,   1.60884e-02
   1.00000e+00,   6.50000e-01,  -4.38941e-03,   1.61181e-02
   0.00000e+00,   7.00000e-01,   4.41120e-03,   1.73424e-02
   5.00000e-02,   7.00000e-01,   3.98046e-03,   1.73208e-02
   1.00000e-01,   7.00000e-01,   3.54725e-03,   1.72893e-02
   1.50000e-01,   7.00000e-01,   3.11114e-03,   1.72522e-02
   2.00000e-01,   7.00000e-01,   2.67214e-03,   1.72131e-02
   2.50000e-01,   7.00000e-01,   2.23054e-03,   1.71752e-02
   3.00000e-01,   7.00000e-01,   1.78680e-03,   1.71411e-02
   3.50000e-01,   7.00000e-01,   1.34142e-03,   1.71127e-02
   4.00000e-01,   7.00000e-01,   8.94878e-04,   1.70915e-02
   4.50000e-01,   7.00000e-01,   4.47613e-04,   1.70784e-02
   5.00000e-01,   7.00000e-01,  -4.78298e-16,   1.70740e-02
   5.50000e-01,   7.00000e-01,  -4.47613e-04,   1.70784e-02
   6.00000e-01,   7.00000e-01,  -8.94878e-04,   1.70915e-02
   6.50000e-01,   7.00000e-01,  -1.34142e-03,   1.71127e-02
   7.00000e-01,   7.00000e-01,  -1.78680e-03,   1.71411e-02
   7.50000e-01,   7.00000e-01,  -2.23054e-03,   1.71752e-02
   8.00000e-01,   7.00000e-01,  -2.67214e-03,   1.72131e-02
   8.50000e-01,   7.00000e-01,  -3.11114e-03,   1.72522e-02
   9.00000e-01,   7.00000e-01,  -3.54725e-03,   1.72893e-02
   9.50000e-01,   7.00000e-01,  -3.98046e-03,   1.73208e-02
   1.00000e+00,   7.00000e-01,  -4.41120e-03,   1.73424e-02
   0.00000e+00,   7.50000e-01,   4.42562e-03,   1.85732e-02
   5.00000e-02,   7.50000e-01,   3.99297e-03,   1.85578e-02
   1.00000e-01,   7.50000e-01,   3.55825e-03,   1.85336e-02
   1.50000e-01,   7.50000e-01,   3.12092e-03,   1.85040e-02
   2.00000e-01,   7.50000e-01,   2.68084e-03,   1.84721e-02
   2.50000e-01,   7.50000e-01,   2.23817e-03,   1.84406e-02
   3.00000e-01,   7.50000e-01,   1.79325e-03,   1.84119e-02
   3.50000e-01,   7.50000e-01,   1.34651e-03,   1.83878e-02
   4.00000e-01,   7.50000e-01,   8.98410e-04,   1.83697e-02
   4.50000e-01,   7.50000e-01,   4.49425e-04,   1.83584e-02
   5.00000e-01,   7.50000e-01,  -5.31874e-16,   1.83546e-02
   5.50000e-01,   7.50000e-01,  -4.49425e-04,   1.83584e-02
   6.00000e-01,   7.50000e-01,  -8.98410e-04,   1.83697e-02
   6.50000e-01,   7.50000e-01,  -1.34651e-03,   1.83878e-02
   7.00000e-01,   7.50000e-01,  -1.79325e-03,   1.84119e-02
   7.50000e-01,   7.50000e-01,  -2.23817e-03,   1.84406e-02
   8.00000e-01,   7.50000e-01,  -2.68084e-03,   1.84721e-02
   8.50000e-01,   7.50000e-01,  -3.12092e-03,   1.85040e-02
   9.00000e-01,   7.50000e-01,  -3.55825e-03,   1.85336e-02
   9.50000e-01,   7.50000e-01,  -3.99297e-03,   1.85578e-02
   1.00000e+00,   7.50000e-01,  -4.42562e-03,   1.85732e-02
   0.00000e+00,   8.00000e-01,   4.43458e-03,   1.98096e-02
   5.00000e-02,   8.00000e-01,   4.00030e-03,   1.97990e-02
   1.00000e-01,   8.00000e-01,   3.56427e-03,   1.97806e-02
   1.50000e-01,   8.00000e-01,   3.12594e-03,   1.97571e-02
   2.00000e-01,   8.00000e-01,   2.68510e-03,   1.97314e-02
   2.50000e-01,   8.00000e-01,   2.24178e-03,   1.97055e-02
   3.00000e-01,   8.00000e-01,   1.79624e-03,   1.96817e-02
   3.50000e-01,   8.00000e-01,   1.34884e-03,   1.96615e-02
   4.00000e-01,   8.00000e-01,   9.00027e-04,   1.96462e-02
   4.50000e-01,   8.00000e-01,   4.50253e-04,   1.96366e-02
   5.00000e-01,   8.00000e-01,  -5.78300e-16,   1.96334e-02
   5.50000e-01,   8.00000e-01,  -4.50253e-04,   1.96366e-02
   6.00000e-01,   8.00000e-01,  -9.00027e-04,   1.96462e-02
   6.50000e-01,   8.00000e-01,  -1.34884e-03,   1.96615e-02
   7.00000e-01,   8.00000e-01,  -1.79624e-03,   1.96817e-02
   7.50000e-01,   8.00000e-01,  -2.24178e-03,   1.97055e-02
   8.00000e-01,   8.00000e-01,  -2.68510e-03,   1.97314e-02
   8.50000e-01,   8.00000e-01,  -3.12594e-03,   1.97571e-02
   9.00000e-01,   8.00000e-01,  -3.56427e-03,   1.97806e-02
   9.50000e-01,   8.00000e-01,  -4.00030e-03,   1.97990e-02
   1.00000e+00,   8.00000e-01,  -4.43458e-03,   1.98096e-02
   0.00000e+00,   8.50000e-01,   4.43958e-03,   2.10508e-02
   5.00000e-02,   8.50000e-01,   4.00389e-03,   2.10437e-02
   1.00000e-01,   8.50000e-01,   3.56677e-03,   2.10299e-02
   1.50000e-01,   8.50000e-01,   3.12765e-03,   2.10116e-02
   2.00000e-01,   8.50000e-01,   2.68626e-03,   2.09910e-02
   2.50000e-01,   8.50000e-01,   2.24260e-03,   2.09700e-02
   3.00000e-01,   8.50000e-01,   1.79683e-03,   2.09504e-02
   3.50000e-01,   8.50000e-01,   1.34928e-03,   2.09337e-02
   4.00000e-01,   8.50000e-01,   9.00317e-04,   2.09209e-02
   4.50000e-01,   8.50000e-01,   4.50400e-04,   2.09129e-02
   5.00000e-01,   8.50000e-01,  -6.23771e-16,   2.09102e-02
   5.50000e-01,   8.50000e-01,  -4.50400e-04,   2.09129e-02
   6.00000e-01,   8.50000e-01,  -9.00317e-04,   2.09209e-02
   6.50000e-01,   8.50000e-01,  -1.34928e-03,   2.09337e-02
   7.00000e-01,   8.50000e-01,  -1.79683e-03,   2.09504e-02
   7.50000e-01,   8.50000e-01,  -2.24260e-03,   2.09700e-02
   8.00000e-01,   8.50000e-01,  -2.68626e-03,   2.09910e-02
   8.50000e-01,   8.50000e-01,  -3.12765e-03,   2.10116e-02
   9.00000e-01,   8.50000e-01,  -3.56677e-03,   2.10299e-02
   9.50000e-01,   8.50000e-01,  -4.00389e-03,   2.10437e-02
   1.00000e+00,   8.50000e-01,  -4.43958e-03,   2.10508e-02
   0.00000e+00,   9.00000e-01,   4.44176e-03,   2.22959e-02
   5.00000e-02,   9.00000e-01,   4.00490e-03,   2.22916e-02
   1.00000e-01,   9.00000e-01,   3.56686e-03,   2.22814e-02
   1.50000e-01,   9.00000e-01,   3.12710e-03,   2.22673e-02
   2.00000e-01,   9.00000e-01,   2.68535e-03,   2.22509e-02
   2.50000e-01,   9.00000e-01,   2.24156e-03,   2.22341e-02
   3.00000e-01,   9.00000e-01,   1.79584e-03,   2.22181e-02
   3.50000e-01,   9.00000e-01,   1.34844e-03,   2.22044e-02
   4.00000e-01,   9.00000e-01,   8.99727e-04,   2.21939e-02
   4.50000e-01,   9.00000e-01,   4.50096e-04,   2.21873e-02
   5.00000e-01,   9.00000e-01,  -6.71903e-16,   2.21850e-02
   5.50000e-01,   9.00000e-01,  -4.50096e-04,   2.21873e-02
   6.00000e-01,   9.00000e-01,  -8.99727e-04,   2.21939e-02
   6.50000e-01,   9.00000e-01,  -1.34844e-03,   2.22044e-02
   7.00000e-01,   9.00000e-01,  -1.79584e-03,   2.22181e-02
   7.50000e-01,   9.00000e-01,  -2.24156e-03,   2.22341e-02
   8.00000e-01,   9.00000e-01,  -2.68535e-03,   2.22509e-02
   8.50000e-01,   9.00000e-01,  -3.12710e-03,   2.22673e-02
   9.00000e-01,   9.00000e-01,  -3.56686e-03,   2.22814e-02
   9.50000e-01,   9.00000e-01,  -4.00490e-03,   2.22916e-02
   1.00000e+00,   9.00000e-01,  -4.44176e-03,   2.22959e-02
   0.00000e+00,   9.50000e-01,   4.44200e-03,   2.35445e-02
   5.00000e-02,   9.50000e-01,   4.00416e-03,   2.35421e-02
   1.00000e-01,   9.50000e-01,   3.56536e-03,   2.35347e-02
   1.50000e-01,   9.50000e-01,   3.12511e-03,   2.35240e-02
   2.00000e-01,   9.50000e-01,   2.68314e-03,   2.35112e-02
   2.50000e-01,   9.50000e-01,   2.23935e-03,   2.34978e-02
   3.00000e-01,   9.50000e-01,   1.79385e-03,   2.34849e-02
   3.50000e-01,   9.50000e-01,   1.34683e-03,   2.34738e-02
   4.00000e-01,   9.50000e-01,   8.98590e-04,   2.34652e-02
   4.50000e-01,   9.50000e-01,   4.49511e-04,   2.34598e-02
   5.00000e-01,   9.50000e-01,  -7.18782e-16,   2.34580e-02
   5.50000e-01,   9.50000e-01,  -4.49511e-04,   2.34598e-02
   6.00000e-01,   9.50000e-01,  -8.98590e-04,   2.34652e-02
   6.50000e-01,   9.50000e-01,  -1.34683e-03,   2.34738e-02
   7.00000e-01,   9.50000e-01,  -1.79385e-03,   2.34849e-02
   7.50000e-01,   9.50000e-01,  -2.23935e-03,   2.34978e-02
   8.00000e-01,   9.50000e-01,  -2.68314e-03,   2.35112e-02
   8.50000e-01,   9.50000e-01,  -3.12511e-03,   2.35240e-02
   9.00000e-01,   9.50000e-01,  -3.56536e-03,   2.35347e-02
   9.50000e-01,   9.50000e-01,  -4.00416e-03,   2.35421e-02
   1.00000e+00,   9.50000e-01,  -4.44200e-03,   2.35445e-02
   0.00000e+00,   1.00000e+00,   4.44097e-03,   2.47959e-02
   5.00000e-02,   1.00000e+00,   4.00232e-03,   2.47948e-02
   1.00000e-01,   1.00000e+00,   3.56290e-03,   2.47897e-02
   1.50000e-01,   1.00000e+00,   3.12227e-03,   2.47816e-02
   2.00000e-01,   1.00000e+00,   2.68016e-03,   2.47717e-02
   2.50000e-01,   1.00000e+00,   2.23649e-03,   2.47611e-02
   3.00000e-01,   1.00000e+00,   1.79130e-03,   2.47509e-02
   3.50000e-01,   1.00000e+00,   1.34477e-03,   2.47420e-02
   4.00000e-01,   1.00000e+00,   8.97147e-04,   2.47350e-02
   4.50000e-01,   1.00000e+00,   4.48769e-04,   2.47307e-02
   5.00000e-01,   1.00000e+00,  -7.68396e-16,   2.47292e-02
   5.50000e-01,   1.00000e+00,  -4.48769e-04,   2.47307e-02
   6.00000e-01,   1.00000e+00,  -8.97147e-04,   2.47350e-02
   6.50000e-01,   1.00000e+00,  -1.34477e-03,   2.47420e-02
   7.00000e-01,   1.00000e+00,  -1.79130e-03,   2.47509e-02
   7.50000e-01,   1.00000e+00,  -2.23649e-03,   2.47611e-02
   8.00000e-01,   1.00000e+00,  -2.68016e-03,   2.47717e-02
   8.50000e-01,   1.00000e+00,  -3.12227e-03,   2.47816e-02
   9.00000e-01,   1.00000e+00,  -3.56290e-03,   2.47897e-02
   9.50000e-01,   1.00000e+00,  -4.00232e-03,   2.47948e-02
   1.00000e+00,   1.00000e+00,  -4.44097e-03,   2.47959e-02
   0.00000e+00,   1.05000e+00,   4.43916e-03,   2.60495e-02
   5.00000e-02,   1.05000e+00,   3.99985e-03,   2.60494e-02
   1.00000e-01,   1.05000e+00,   3.55992e-03,   2.60459e-02
   1.50000e-01,   1.05000e+00,   3.11900e-03,   2.60399e-02
   2.00000e-01,   1.05000e+00,   2.67683e-03,   2.60324e-02
   2.50000e-01,   1.05000e+00,   2.23332e-03,   2.60241e-02
   3.00000e-01,   1.05000e+00,   1.78850e-03,   2.60161e-02
   3.50000e-01,   1.05000e+00,   1.34251e-03,   2.60090e-02
   4.00000e-01,   1.05000e+00,   8.95570e-04,   2.60035e-02
   4.50000e-01,   1.05000e+00,   4.47957e-04,   2.60000e-02
   5.00000e-01,   1.05000e+00,  -8.14170e-16,   2.59988e-02
   5.50000e-01,   1.05000e+00,  -4.47957e-04,   2.60000e-02
   6.00000e-01,   1.05000e+00,  -8.95570e-04,   2.60035e-02
   6.50000e-01,   1.05000e+00,  -1.34251e-03,   2.60090e-02
   7.00000e-01,   1.05000e+00,  -1.78850e-03,   2.60161e-02
   7.50000e-01,   1.05000e+00,  -2.23332e-03,   2.60241e-02
   8.00000e-01,   1.05000e+00,  -2.67683e-03,   2.60324e-02
   8.50000e-01,   1.05000e+00,  -3.11900e-03,   2.60399e-02
   9.00000e-01,   1.05000e+00,  -3.55992e-03,   2.60459e-02
   9.50000e-01,   1.05000e+00,  -3.99985e-03,   2.60494e-02
   1.00000e+00,   1.05000e+00,  -4.43916e-03,   2.60495e-02
   0.00000e+00,   1.10000e+00,   4.43691e-03,   2.73050e-02
   5.00000e-02,   1.10000e+00,   3.99706e-03,   2.73055e-02
   1.00000e-01,   1.10000e+00,   3.55674e-03,   2.73033e-02
   1.50000e-01,   1.10000e+00,   3.11559e-03,   2.72989e-02
   2.00000e-01,   1.10000e+00,   2.67341e-03,   2.72933e-02
   2.50000e-01,   1.10000e+00,   2.23010e-03,   2.72869e-02
   3.00000e-01,   1.10000e+00,   1.78567e-03,   2.72807e-02
   3.50000e-01,   1.10000e+00,   1.34023e-03,   2.72751e-02
   4.00000e-01,   1.10000e+00,   8.93976e-04,   2.72707e-02
   4.50000e-01,   1.10000e+00,   4.47138e-04,   2.72679e-02
   5.00000e-01,   1.10000e+00,  -8.64820e-16,   2.72670e-02
   5.50000e-01,   1.10000e+00,  -4.47138e-04,   2.72679e-02
   6.00000e-01,   1.10000e+00,  -8.93976e-04,   2.72707e-02
   6.50000e-01,   1.10000e+00,  -1.34023e-03,   2.72751e-02
   7.00000e-01,   1.10000e+00,  -1.78567e-03,   2.72807e-02
   7.50000e-01,   1.10000e+00,  -2.23010e-03,   2.72869e-02
   8.00000e-01,   1.10000e+00,  -2.67341e-03,   2.72933e-02
   8.50000e-01,   1.10000e+00,  -3.11559e-03,   2.72989e-02
   9.00000e-01,   1.10000e+00,  -3.55674e-03,   2.73033e-02
   9.50000e-01,   1.10000e+00,  -3.99706e-03,   2.73055e-02
   1.00000e+00,   1.10000e+00,  -4.43691e-03,   2.73050e-02
   0.00000e+00,   1.15000e+00,   4.43447e-03,   2.85620e-02
   5.00000e-02,   1.15000e+00,   3.99421e-03,   2.85629e-02
   1.00000e-01,   1.15000e+00,   3.55356e-03,   2.85616e-02
   1.50000e-01,   1.15000e+00,   3.11225e-03,   2.85585e-02
   2.00000e-01,   1.15000e+00,   2.67009e-03,   2.85543e-02
   2.50000e-01,   1.15000e+00,   2.22698e-03,   2.85495e-02
   3.00000e-01,   1.15000e+00,   1.78294e-03,   2.85447e-02
   3.50000e-01,   1.15000e+00,   1.33804e-03,   2.85403e-02
   4.00000e-01,   1.15000e+00,   8.92444e-04,   2.85369e-02
   4.50000e-01,   1.15000e+00,   4.46351e-04,   2.85348e-02
   5.00000e-01,   1.15000e+00,  -9.09560e-16,   2.85340e-02
   5.50000e-01,   1.15000e+00,  -4.46351e-04,   2.85348e-02
   6.00000e-01,   1.15000e+00,  -8.92444e-04,   2.85369e-02
   6.50000e-01,   1.15000e+00,  -1.33804e-03,   2.85403e-02
   7.00000e-01,   1.15000e+00,  -1.78294e-03,   2.85447e-02
   7.50000e-01,   1.15000e+00,  -2.22698e-03,   2.85495e-02
   8.00000e-01,   1.15000e+00,  -2.67009e-03,   2.85543e-02
   8.50000e-01,   1.15000e+00,  -3.11225e-03,   2.85585e-02
   9.00000e-01,   1.15000e+00,  -3.55356e-03,   2.85616e-02
   9.50000e-01,   1.15000e+00,  -3.99421e-03,   2.85629e-02
   1.00000e+00,   1.15000e+00,  -4.43447e-03,   2.85620e-02
   0.00000e+00,   1.20000e+00,   4.43203e-03,   2.98202e-02
   5.00000e-02,   1.20000e+00,   3.99143e-03,   2.98213e-02
   1.00000e-01,   1.20000e+00,   3.55053e-03,   2.98206e-02
   1.50000e-01,   1.20000e+00,   3.10911e-03,   2.98185e-02
   2.00000e-01,   1.20000e+00,   2.66698e-03,   2.98155e-02
   2.50000e-01,   1.20000e+00,   2.22408e-03,   2.98119e-02
   3.00000e-01,   1.20000e+00,   1.78040e-03,   2.98082e-02
   3.50000e-01,   1.20000e+00,   1.33601e-03,   2.98049e-02
   4.00000e-01,   1.20000e+00,   8.91022e-04,   2.98023e-02
   4.50000e-01,   1.20000e+00,   4.45619e-04,   2.98006e-02
   5.00000e-01,   1.20000e+00,  -9.61321e-16,   2.98000e-02
   5.50000e-01,   1.20000e+00,  -4.45619e-04,   2.98006e-02
   6.00000e-01,   1.20000e+00,  -8.91022e-04,   2.98023e-02
   6.50000e-01,   1.20000e+00,  -1.33601e-03,   2.98049e-02
   7.00000e-01,   1.20000e+00,  -1.78040e-03,   2.98082e-02
   7.50000e-01,   1.20000e+00,  -2.22408e-03,   2.98119e-02
   8.00000e-01,   1.20000e+00,  -2.66698e-03,   2.98155e-02
   8.50000e-01,   1.20000e+00,  -3.10911e-03,   2.98185e-02
   9.00000e-01,   1.20000e+00,  -3.55053e-03,   2.98206e-02
   9.50000e-01,   1.20000e+00,  -3.99143e-03,   2.98213e-02
   1.00000e+00,   1.20000e+00,  -4.43203e-03,   2.98202e-02
   0.00000e+00,   1.25000e+00,   4.42970e-03,   3.10793e-02
   5.00000e-02,   1.25000e+00,   3.98883e-03,   3.10805e-02
   1.00000e-01,   1.25000e+00,   3.54774e-03,   3.10802e-02
   1.50000e-01,   1.25000e+00,   3.10623e-03,   3.10789e-02
   2.00000e-01,   1.25000e+00,   2.66416e-03,   3.10767e-02
   2.50000e-01,   1.25000e+00,   2.22145e-03,   3.10741e-02
   3.00000e-01,   1.25000e+00,   1.77810e-03,   3.10713e-02
   3.50000e-01,   1.25000e+00,   1.33416e-03,   3.10688e-02
   4.00000e-01,   1.25000e+00,   8.89734e-04,   3.10668e-02
   4.50000e-01,   1.25000e+00,   4.44958e-04,   3.10655e-02
   5.00000e-01,   1.25000e+00,  -1.01633e-15,   3.10651e-02
   5.50000e-01,   1.25000e+00,  -4.44958e-04,   3.10655e-02
   6.00000e-01,   1.25000e+00,  -8.89734e-04,   3.10668e-02
   6.50000e-01,   1.25000e+00,  -1.33416e-03,   3.10688e-02
   7.00000e-01,   1.25000e+00,  -1.77810e-03,   3.10713e-02
   7.50000e-01,   1.25000e+00,  -2.22145e-03,   3.10741e-02
   8.00000e-01,   1.25000e+00,  -2.66416e-03,   3.10767e-02
   8.50000e-01,   1.25000e+00,  -3.10623e-03,   3.10789e-02
   9.00000e-01,   1.25000e+00,  -3.54774e-03,   3.10802e-02
   9.50000e-01,   1.25000e+00,  -3.98883e-03,   3.10805e-02
   1.00000e+00,   1.25000e+00,  -4.42970e-03,   3.10793e-02
   0.00000e+00,   1.30000e+00,   4.42753e-03,   3.23391e-02
   5.00000e-02,   1.30000e+00,   3.98646e-03,   3.23403e-02
   1.00000e-01,   1.30000e+00,   3.54522e-03,   3.23404e-02
   1.50000e-01,   1.30000e+00,   3.10366e-03,   3.23396e-02
   2.00000e-01,   1.30000e+00,   2.66164e-03,   3.23381e-02
   2.50000e-01,   1.30000e+00,   2.21911e-03,   3.23362e-02
   3.00000e-01,   1.30000e+00,   1.77606e-03,   3.23342e-02
   3.50000e-01,   1.30000e+00,   1.33253e-03,   3.23323e-02
   4.00000e-01,   1.30000e+00,   8.88594e-04,   3.23308e-02
   4.50000e-01,   1.30000e+00,   4.44372e-04,   3.23298e-02
   5.00000e-01,   1.30000e+00,  -1.07009e-15,   3.23295e-02
   5.50000e-01,   1.30000e+00,  -4.44372e-04,   3.23298e-02
   6.00000e-01,   1.30000e+00,  -8.88594e-04,   3.23308e-02
   6.50000e-01,   1.30000e+00,  -1.33253e-03,   3.23323e-02
   7.00000e-01,   1.30000e+00,  -1.77606e-03,   3.23342e-02
   7.50000e-01,   1.30000e+00,  -2.21911e-03,   3.23362e-02
   8.00000e-01,   1.30000e+00,  -2.66164e-03,   3.23381e-02
   8.50000e-01,   1.30000e+00,  -3.10366e-03,   3.23396e-02
   9.00000e-01,   1.30000e+00,  -3.54522e-03,   3.23404e-02
   9.50000e-01,   1.30000e+00,  -3.98646e-03,   3.23403e-02
   1.00000e+00,   1.30000e+00,  -4.42753e-03,   3.23391e-02
   0.00000e+00,   1.35000e+00,   4.42558e-03,   3.35995e-02
   5.00000e-02,   1.35000e+00,   3.98435e-03,   3.36006e-02
   1.00000e-01,   1.35000e+00,   3.54300e-03,   3.36009e-02
   1.50000e-01,   1.35000e+00,   3.10140e-03,   3.36005e-02
   2.00000e-01,   1.35000e+00,   2.65944e-03,   3.35995e-02
   2.50000e-01,   1.35000e+00,   2.21707e-03,   3.35981e-02
   3.00000e-01,   1.35000e+00,   1.77429e-03,   3.35967e-02
   3.50000e-01,   1.35000e+00,   1.33111e-03,   3.35953e-02
   4.00000e-01,   1.35000e+00,   8.87601e-04,   3.35942e-02
   4.50000e-01,   1.35000e+00,   4.43861e-04,   3.35935e-02
   5.00000e-01,   1.35000e+00,  -1.10507e-15,   3.35932e-02
   5.50000e-01,   1.35000e+00,  -4.43861e-04,   3.35935e-02
   6.00000e-01,   1.35000e+00,  -8.87601e-04,   3.35942e-02
   6.50000e-01,   1.35000e+00,  -1.33111e-03,   3.35953e-02
   7.00000e-01,   1.35000e+00,  -1.77429e-03,   3.35967e-02
   7.50000e-01,   1.35000e+00,  -2.21707e-03,   3.35981e-02
   8.00000e-01,   1.35000e+00,  -2.65944e-03,   3.35995e-02
   8.50000e-01,   1.35000e+00,  -3.10140e-03,   3.36005e-02
   9.00000e-01,   1.35000e+00,  -3.54300e-03,   3.36009e-02
   9.50000e-01,   1.35000e+00,  -3.98435e-03,   3.36006e-02
   1.00000e+00,   1.35000e+00,  -4.42558e-03,   3.35995e-02
   0.00000e+00,   1.40000e+00,   4.42385e-03,   3.48603e-02
   5.00000e-02,   1.40000e+00,   3.98251e-03,   3.48613e-02
   1.00000e-01,   1.40000e+00,   3.54108e-03,   3.48617e-02
   1.50000e-01,   1.40000e+00,   3.09945e-03,   3.48615e-02
   2.00000e-01,   1.40000e+00,   2.65755e-03,   3.48609e-02
   2.50000e-01,   1.40000e+00,   2.21532e-03,   3.48600e-02
   3.00000e-01,   1.40000e+00,   1.77276e-03,   3.48590e-02
   3.50000e-01,   1.40000e+00,   1.32988e-03,   3.48580e-02
   4.00000e-01,   1.40000e+00,   8.86748e-04,   3.48572e-02
   4.50000e-01,   1.40000e+00,   4.43423e-04,   3.48567e-02
   5.00000e-01,   1.40000e+00,  -1.14049e-15,   3.48565e-02
   5.50000e-01,   1.40000e+00,  -4.43423e-04,   3.48567e-02
   6.00000e-01,   1.40000e+00,  -8.86748e-04,   3.48572e-02
   6.50000e-01,   1.40000e+00,  -1.32988e-03,   3.48580e-02
   7.00000e-01,   1.40000e+00,  -1.77276e-03,   3.48590e-02
   7.50000e-01,   1.40000e+00,  -2.21532e-03,   3.48600e-02
   8.00000e-01,   1.40000e+00,  -2.65755e-03,   3.48609e-02
   8.50000e-01,   1.40000e+00,  -3.09945e-03,   3.48615e-02
   9.00000e-01,   1.40000e+00,  -3.54108e-03,   3.48617e-02
   9.50000e-01,   1.40000e+00,  -3.98251e-03,   3.48613e-02
   1.00000e+00,   1.40000e+00,  -4.42385e-03,   3.48603e-02
   0.00000e+00,   1.45000e+00,   4.42235e-03,   3.61214e-02
   5.00000e-02,   1.45000e+00,   3.98092e-03,   3.61223e-02
   1.00000e-01,   1.45000e+00,   3.53943e-03,   3.61228e-02
   1.50000e-01,   1.45000e+00,   3.09779e-03,   3.61228e-02
   2.00000e-01,   1.45000e+00,   2.65594e-03,   3.61224e-02
   2.50000e-01,   1.45000e+00,   2.21383e-03,   3.61219e-02
   3.00000e-01,   1.45000e+00,   1.77146e-03,   3.61212e-02
   3.50000e-01,   1.45000e+00,   1.32885e-03,   3.61205e-02
   4.00000e-01,   1.45000e+00,   8.86026e-04,   3.61199e-02
   4.50000e-01,   1.45000e+00,   4.43052e-04,   3.61195e-02
   5.00000e-01,   1.45000e+00,  -1.17805e-15,   3.61194e-02
   5.50000e-01,   1.45000e+00,  -4.43052e-04,   3.61195e-02
   6.00000e-01,   1.45000e+00,  -8.86026e-04,   3.61199e-02
   6.50000e-01,   1.45000e+00,  -1.32885e-03,   3.61205e-02
   7.00000e-01,   1.45000e+00,  -1.77146e-03,   3.61212e-02
   7.50000e-01,   1.45000e+00,  -2.21383e-03,   3.61219e-02
   8.00000e-01,   1.45000e+00,  -2.65594e-03,   3.61224e-02
   8.50000e-01,   1.45000e+00,  -3.09779e-03,   3.61228e-02
   9.00000e-01,   1.45000e+00,  -3.53943e-03,   3.61228e-02
   9.50000e-01,   1.45000e+00,  -3.98092e-03,   3.61223e-02
   1.00000e+00,   1.45000e+00,  -4.42235e-03,   3.61214e-02
   0.00000e+00,   1.50000e+00,   4.42107e-03,   3.73827e-02
   5.00000e-02,   1.50000e+00,   3.97957e-03,   3.73835e-02
   1.00000e-01,   1.50000e+00,   3.53803e-03,   3.73840e-02
   1.50000e-01,   1.50000e+00,   3.09639e-03,   3.73841e-02
   2.00000e-01,   1.50000e+00,   2.65459e-03,   3.73840e-02
   2.50000e-01,   1.50000e+00,   2.21259e-03,   3.73836e-02
   3.00000e-01,   1.50000e+00,   1.77038e-03,   3.73832e-02
   3.50000e-01,   1.50000e+00,   1.32798e-03,   3.73827e-02
   4.00000e-01,   1.50000e+00,   8.85422e-04,   3.73823e-02
   4.50000e-01,   1.50000e+00,   4.42742e-04,   3.73821e-02
   5.00000e-01,   1.50000e+00,  -1.22294e-15,   3.73820e-02
   5.50000e-01,   1.50000e+00,  -4.42742e-04,   3.73821e-02
   6.00000e-01,   1.50000e+00,  -8.85422e-04,   3.73823e-02
   6.50000e-01,   1.50000e+00,  -1.32798e-03,   3.73827e-02
   7.00000e-01,   1.50000e+00,  -1.77038e-03,   3.73832e-02
   7.50000e-01,   1.50000e+00,  -2.21259e-03,   3.73836e-02
   8.00000e-01,   1.50000e+00,  -2.65459e-03,   3.73840e-02
   8.50000e-01,   1.50000e+00,  -3.09639e-03,   3.73841e-02
   9.00000e-01,   1.50000e+00,  -3.53803e-03,   3.73840e-02
   9.50000e-01,   1.50000e+00,  -3.97957e-03,   3.73835e-02
   1.00000e+00,   1.50000e+00,  -4.42107e-03,   3.73827e-02
   0.00000e+00,   1.55000e+00,   4.41998e-03,   3.86442e-02
   5.00000e-02,   1.55000e+00,   3.97844e-03,   3.86449e-02
   1.00000e-01,   1.55000e+00,   3.53687e-03,   3.86454e-02
   1.50000e-01,   1.55000e+00,   3.09523e-03,   3.86455e-02
   2.00000e-01,   1.55000e+00,   2.65347e-03,   3.86455e-02
   2.50000e-01,   1.55000e+00,   2.21155e-03,   3.86454e-02
   3.00000e-01,   1.55000e+00,   1.76949e-03,   3.86451e-02
   3.50000e-01,   1.55000e+00,   1.32727e-03,   3.86448e-02
   4.00000e-01,   1.55000e+00,   8.84923e-04,   3.86445e-02
   4.50000e-01,   1.55000e+00,   4.42485e-04,   3.86443e-02
   5.00000e-01,   1.55000e+00,  -1.26922e-15,   3.86443e-02
   5.50000e-01,   1.55000e+00,  -4.42485e-04,   3.86443e-02
   6.00000e-01,   1.55000e+00,  -8.84923e-04,   3.86445e-02
   6.50000e-01,   1.55000e+00,  -1.32727e-03,   3.86448e-02
   7.00000e-01,   1.55000e+00,  -1.76949e-03,   3.86451e-02
   7.50000e-01,   1.55000e+00,  -2.21155e-03,   3.86454e-02
   8.00000e-01,   1.55000e+00,  -2.65347e-03,   3.86455e-02
   8.50000e-01,   1.55000e+00,  -3.09523e-03,   3.86455e-02
   9.00000e-01,   1.55000e+00,  -3.53687e-03,   3.86454e-02
   9.50000e-01,   1.55000e+00,  -3.97844e-03,   3.86449e-02
   1.00000e+00,   1.55000e+00,  -4.41998e-03,   3.86442e-02
   0.00000e+00,   1.60000e+00,   4.41907e-03,   3.99058e-02
   5.00000e-02,   1.60000e+00,   3.97750e-03,   3.99064e-02
   1.00000e-01,   1.60000e+00,   3.53592e-03,   3.99068e-02
   1.50000e-01,   1.60000e+00,   3.09428e-03,   3.99070e-02
   2.00000e-01,   1.60000e+00,   2.65255e-03,   3.99071e-02
   2.50000e-01,   1.60000e+00,   2.21071e-03,   3.99070e-02
   3.00000e-01,   1.60000e+00,   1.76875e-03,   3.99069e-02
   3.50000e-01,   1.60000e+00,   1.32668e-03,   3.99067e-02
   4.00000e-01,   1.60000e+00,   8.84514e-04,   3.99065e-02
   4.50000e-01,   1.60000e+00,   4.42276e-04,   3.99064e-02
   5.00000e-01,   1.60000e+00,  -1.31454e-15,   3.99064e-02
   5.50000e-01,   1.60000e+00,  -4.42276e-04,   3.99064e-02
   6.00000e-01,   1.60000e+00,  -8.84514e-04,   3.99065e-02
   6.50000e-01,   1.60000e+00,  -1.32668e-03,   3.99067e-02
   7.00000e-01,   1.60000e+00,  -1.76875e-03,   3.99069e-02
   7.50000e-01,   1.60000e+00,  -2.21071e-03,   3.99070e-02
   8.00000e-01,   1.60000e+00,  -2.65255e-03,   3.99071e-02
   8.50000e-01,   1.60000e+00,  -3.09428e-03,   3.99070e-02
   9.00000e-01,   1.60000e+00,  -3.53592e-03,   3.99068e-02
   9.50000e-01,   1.60000e+00,  -3.97750e-03,   3.99064e-02
   1.00000e+00,   1.60000e+00,  -4.41907e-03,   3.99058e-02
   0.00000e+00,   1.65000e+00,   4.41833e-03,   4.11675e-02
   5.00000e-02,   1.65000e+00,   3.97674e-03,   4.11680e-02
   1.00000e-01,   1.65000e+00,   3.53514e-03,   4.11684e-02
   1.50000e-01,   1.65000e+00,   3.09350e-03,   4.11686e-02
   2.00000e-01,   1.65000e+00,   2.65180e-03,   4.11687e-02
   2.50000e-01,   1.65000e+00,   2.21003e-03,   4.11687e-02
   3.00000e-01,   1.65000e+00,   1.76816e-03,   4.11686e-02
   3.50000e-01,   1.65000e+00,   1.32621e-03,   4.11685e-02
   4.00000e-01,   1.65000e+00,   8.84184e-04,   4.11684e-02
   4.50000e-01,   1.65000e+00,   4.42106e-04,   4.11684e-02
   5.00000e-01,   1.65000e+00,  -1.35328e-15,   4.11683e-02
   5.50000e-01,   1.65000e+00,  -4.42106e-04,   4.11684e-02
   6.00000e-01,   1.65000e+00,  -8.84184e-04,   4.11684e-02
   6.50000e-01,   1.65000e+00,  -1.32621e-03,   4.11685e-02
   7.00000e-01,   1.65000e+00,  -1.76816e-03,   4.11686e-02
   7.50000e-01,   1.65000e+00,  -2.21003e-03,   4.11687e-02
   8.00000e-01,   1.65000e+00,  -2.65180e-03,   4.11687e-02
   8.50000e-01,   1.65000e+00,  -3.09350e-03,   4.11686e-02
   9.00000e-01,   1.65000e+00,  -3.53514e-03,   4.11684e-02
   9.50000e-01,   1.65000e+00,  -3.97674e-03,   4.11680e-02
   1.00000e+00,   1.65000e+00,  -4.41833e-03,   4.11675e-02
   0.00000e+00,   1.70000e+00,   4.41773e-03,   4.24292e-02
   5.00000e-02,   1.70000e+00,   3.97612e-03,   4.24296e-02
   1.00000e-01,   1.70000e+00,   3.53451e-03,   4.24300e-02
   1.50000e-01,   1.70000e+00,   3.09288e-03,   4.24302e-02
   2.00000e-01,   1.70000e+00,   2.65121e-03,   4.24303e-02
   2.50000e-01,   1.70000e+00,   2.20948e-03,   4.24303e-02
   3.00000e-01,   1.70000e+00,   1.76769e-03,   4.24303e-02
   3.50000e-01,   1.70000e+00,   1.32583e-03,   4.24303e-02
   4.00000e-01,   1.70000e+00,   8.83922e-04,   4.24302e-02
   4.50000e-01,   1.70000e+00,   4.41972e-04,   4.24302e-02
   5.00000e-01,   1.70000e+00,  -1.39542e-15,   4.24302e-02
   5.50000e-01,   1.70000e+00,  -4.41972e-04,   4.24302e-02
   6.00000e-01,   1.70000e+00,  -8.83922e-04,   4.24302e-02
   6.50000e-01,   1.70000e+00,  -1.32583e-03,   4.24303e-02
   7.00000e-01,   1.70000e+00,  -1.76769e-03,   4.24303e-02
   7.50000e-01,   1.70000e+00,  -2.20948e-03,   4.24303e-02
   8.00000e-01,   1.70000e+00,  -2.65121e-03,   4.24303e-02
   8.50000e-01,   1.70000e+00,  -3.09288e-03,   4.24302e-02
   9.00000e-01,   1.70000e+00,  -3.53451e-03,   4.24300e-02
   9.50000e-01,   1.70000e+00,  -3.97612e-03,   4.24296e-02
   1.00000e+00,   1.70000e+00,  -4.41773e-03,   4.24292e-02
   0.00000e+00,   1.75000e+00,   4.41725e-03,   4.36910e-02
   5.00000e-02,   1.75000e+00,   3.97564e-03,   4.36913e-02
   1.00000e-01,   1.75000e+00,   3.53402e-03,   4.36916e-02
   1.50000e-01,   1.75000e+00,   3.09240e-03,   4.36918e-02
   2.00000e-01,   1.75000e+00,   2.65075e-03,   4.36919e-02
   2.50000e-01,   1.75000e+00,   2.20906e-03,   4.36920e-02
   3.00000e-01,   1.75000e+00,   1.76732e-03,   4.36920e-02
   3.50000e-01,   1.75000e+00,   1.32554e-03,   4.36920e-02
   4.00000e-01,   1.75000e+00,   8.83717e-04,   4.36920e-02
   4.50000e-01,   1.75000e+00,   4.41866e-04,   4.36919e-02
   5.00000e-01,   1.75000e+00,  -1.43497e-15,   4.36919e-02
   5.50000e-01,   1.75000e+00,  -4.41866e-04,   4.36919e-02
   6.00000e-01,   1.75000e+00,  -8.83717e-04,   4.36920e-02
   6.50000e-01,   1.75000e+00,  -1.32554e-03,   4.36920e-02
   7.00000e-01,   1.75000e+00,  -1.76732e-03,   4.36920e-02
   7.50000e-01,   1.75000e+00,  -2.20906e-03,   4.36920e-02
   8.00000e-01,   1.75000e+00,  -2.65075e-03,   4.36919e-02
   8.50000e-01,   1.75000e+00,  -3.09240e-03,   4.36918e-02
   9.00000e-01,   1.75000e+00,  -3.53402e-03,   4.36916e-02
   9.50000e-01,   1.75000e+00,  -3.97564e-03,   4.36913e-02
   1.00000e+00,   1.75000e+00,  -4.41725e-03,   4.36910e-02
   0.00000e+00,   1.80000e+00,   4.41688e-03,   4.49528e-02
   5.00000e-02,   1.80000e+00,   3.97526e-03,   4.49530e-02
   1.00000e-01,   1.80000e+00,   3.53365e-03,   4.49532e-02
   1.50000e-01,   1.80000e+00,   3.09203e-03,   4.49534e-02
   2.00000e-01,   1.80000e+00,   2.65039e-03,   4.49535e-02
   2.50000e-01,   1.80000e+00,   2.20873e-03,   4.49536e-02
   3.00000e-01,   1.80000e+00,   1.76704e-03,   4.49536e-02
   3.50000e-01,   1.80000e+00,   1.32531e-03,   4.49536e-02
   4.00000e-01,   1.80000e+00,   8.83560e-04,   4.49536e-02
   4.50000e-01,   1.80000e+00,   4.41786e-04,   4.49536e-02
   5.00000e-01,   1.80000e+00,  -1.45440e-15,   4.49536e-02
   5.50000e-01,   1.80000e+00,  -4.41786e-04,   4.49536e-02
   6.00000e-01,   1.80000e+00,  -8.83560e-04,   4.49536e-02
   6.50000e-01,   1.80000e+00,  -1.32531e-03,   4.49536e-02
   7.00000e-01,   1.80000e+00,  -1.76704e-03,   4.49536e-02
   7.50000e-01,   1.80000e+00,  -2.20873e-03,   4.49536e-02
   8.00000e-01,   1.80000e+00,  -2.65039e-03,   4.49535e-02
   8.50000e-01,   1.80000e+00,  -3.09203e-03,   4.49534e-02
   9.00000e-01,   1.80000e+00,  -3.53365e-03,   4.49532e-02
   9.50000e-01,   1.80000e+00,  -3.97526e-03,   4.49530e-02
   1.00000e+00,   1.80000e+00,  -4.41688e-03,   4.49528e-02
   0.00000e+00,   1.85000e+00,   4.41661e-03,   4.62146e-02
   5.00000e-02,   1.85000e+00,   3.97499e-03,   4.62148e-02
   1.00000e-01,   1.85000e+00,   3.53337e-03,   4.62149e-02
   1.50000e-01,   1.85000e+00,   3.09176e-03,   4.62150e-02
   2.00000e-01,   1.85000e+00,   2.65013e-03,   4.62151e-02
   2.50000e-01,   1.85000e+00,   2.20849e-03,   4.62152e-02
   3.00000e-01,   1.85000e+00,   1.76683e-03,   4.62152e-02
   3.50000e-01,   1.85000e+00,   1.32515e-03,   4.62152e-02
   4.00000e-01,   1.85000e+00,   8.83446e-04,   4.62153e-02
   4.50000e-01,   1.85000e+00,   4.41727e-04,   4.62153e-02
   5.00000e-01,   1.85000e+00,  -1.46525e-15,   4.62153e-02
   5.50000e-01,   1.85000e+00,  -4.41727e-04,   4.62153e-02
   6.00000e-01,   1.85000e+00,  -8.83446e-04,   4.62153e-02
   6.50000e-01,   1.85000e+00,  -1.32515e-03,   4.62152e-02
   7.00000e-01,   1.85000e+00,  -1.76683e-03,   4.62152e-02
   7.50000e-01,   1.85000e+00,  -2.20849e-03,   4.62152e-02
   8.00000e-01,   1.85000e+00,  -2.65013e-03,   4.62151e-02
   8.50000e-01,   1.85000e+00,  -3.09176e-03,   4.62150e-02
   9.00000e-01,   1.85000e+00,  -3.53337e-03,   4.62149e-02
   9.50000e-01,   1.85000e+00,  -3.97499e-03,   4.62148e-02
   1.00000e+00,   1.85000e+00,  -4.41661e-03,   4.62146e-02
   0.00000e+00,   1.90000e+00,   4.41642e-03,   4.74764e-02
   5.00000e-02,   1.90000e+00,   3.97480e-03,   4.74765e-02
   1.00000e-01,   1.90000e+00,   3.53318e-03,   4.74766e-02
   1.50000e-01,   1.90000e+00,   3.09157e-03,   4.74767e-02
   2.00000e-01,   1.90000e+00,   2.64996e-03,   4.74768e-02
   2.50000e-01,   1.90000e+00,   2.20833e-03,   4.74768e-02
   3.00000e-01,   1.90000e+00,   1.76669e-03,   4.74768e-02
   3.50000e-01,   1.90000e+00,   1.32504e-03,   4.74768e-02
   4.00000e-01,   1.90000e+00,   8.83368e-04,   4.74768e-02
   4.50000e-01,   1.90000e+00,   4.41687e-04,   4.74769e-02
   5.00000e-01,   1.90000e+00,  -1.47477e-15,   4.74769e-02
   5.50000e-01,   1.90000e+00,  -4.41687e-04,   4.74769e-02
   6.00000e-01,   1.90000e+00,  -8.83368e-04,   4.74768e-02
   6.50000e-01,   1.90000e+00,  -1.32504e-03,   4.74768e-02
   7.00000e-01,   1.90000e+00,  -1.76669e-03,   4.74768e-02
   7.50000e-01,   1.90000e+00,  -2.20833e-03,   4.74768e-02
   8.00000e-01,   1.90000e+00,  -2.64996e-03,   4.74768e-02
   8.50000e-01,   1.90000e+00,  -3.09157e-03,   4.74767e-02
   9.00000e-01,   1.90000e+00,  -3.53318e-03,   4.74766e-02
   9.50000e-01,   1.90000e+00,  -3.97480e-03,   4.74765e-02
   1.00000e+00,   1.90000e+00,  -4.41642e-03,   4.74764e-02
   0.00000e+00,   1.95000e+00,   4.41631e-03,   4.87382e-02
   5.00000e-02,   1.95000e+00,   3.97469e-03,   4.87382e-02
   1.00000e-01,   1.95000e+00,   3.53307e-03,   4.87383e-02
   1.50000e-01,   1.95000e+00,   3.09146e-03,   4.87383e-02
   2.00000e-01,   1.95000e+00,   2.64985e-03,   4.87384e-02
   2.50000e-01,   1.95000e+00,   2.20824e-03,   4.87384e-02
   3.00000e-01,   1.95000e+00,   1.76661e-03,   4.87384e-02
   3.50000e-01,   1.95000e+00,   1.32497e-03,   4.87384e-02
   4.00000e-01,   1.95000e+00,   8.83322e-04,   4.87384e-02
   4.50000e-01,   1.95000e+00,   4.41664e-04,   4.87384e-02
   5.00000e-01,   1.95000e+00,  -1.47466e-15,   4.87384e-02
   5.50000e-01,   1.95000e+00,  -4.41664e-04,   4.87384e-02
   6.00000e-01,   1.95000e+00,  -8.83322e-04,   4.87384e-02
   6.50000e-01,   1.95000e+00,  -1.32497e-03,   4.87384e-02
   7.00000e-01,   1.95000e+00,  -1.76661e-03,   4.87384e-02
   7.50000e-01,   1.95000e+00,  -2.20824e-03,   4.87384e-02
   8.00000e-01,   1.95000e+00,  -2.64985e-03,   4.87384e-02
   8.50000e-01,   1.95000e+00,  -3.09146e-03,   4.87383e-02
   9.00000e-01,   1.95000e+00,  -3.53307e-03,   4.87383e-02
   9.50000e-01,   1.95000e+00,  -3.97469e-03,   4.87382e-02
   1.00000e+00,   1.95000e+00,  -4.41631e-03,   4.87382e-02
   0.00000e+00,   2.00000e+00,   4.41628e-03,   5.00000e-02
   5.00000e-02,   2.00000e+00,   3.97465e-03,   5.00000e-02
   1.00000e-01,   2.00000e+00,   3.53304e-03,   5.00000e-02
   1.50000e-01,   2.00000e+00,   3.09143e-03,   5.00000e-02
   2.00000e-01,   2.00000e+00,   2.64982e-03,   5.00000e-02
   2.50000e-01,   2.00000e+00,   2.20821e-03,   5.00000e-02
   3.00000e-01,   2.00000e+00,   1.76658e-03,   5.00000e-02
   3.50000e-01,   2.00000e+00,   1.32495e-03,   5.00000e-02
   4.00000e-01,   2.00000e+00,   8.83307e-04,   5.00000e-02
   4.50000e-01,   2.00000e+00,   4.41656e-04,   5.00000e-02
   5.00000e-01,   2.00000e+00,  -1.47459e-15,   5.00000e-02
   5.50000e-01,   2.00000e+00,  -4.41656e-04,   5.00000e-02
   6.00000e-01,   2.00000e+00,  -8.83307e-04,   5.00000e-02
   6.50000e-01,   2.00000e+00,  -1.32495e-03,   5.00000e-02
   7.00000e-01,   2.00000e+00,  -1.76658e-03,   5.00000e-02
   7.50000e-01,   2.00000e+00,  -2.20821e-03,   5.00000e-02
   8.00000e-01,   2.00000e+00,  -2.64982e-03,   5.00000e-02
   8.50000e-01,   2.00000e+00,  -3.09143e-03,   5.00000e-02
   9.00000e-01,   2.00000e+00,  -3.53304e-03,   5.00000e-02
   9.50000e-01,   2.00000e+00,  -3.97465e-03,   5.00000e-02
   1.00000e+00,   2.00000e+00,  -4.41628e-03,   5.00000e-02
